404.html	HTTP 200	MATCH	3981848de7a6fbad0ce7c78908313295ff1dc53cf5836dfbb01818bb7c0e8b55	3981848de7a6fbad0ce7c78908313295ff1dc53cf5836dfbb01818bb7c0e8b55
art/blueprint-practice.webp	HTTP 200	MATCH	c1df3f8cd676bd54cf8cb197102e7323d50472e5ba4cfd95a3fe69371b7539b5	c1df3f8cd676bd54cf8cb197102e7323d50472e5ba4cfd95a3fe69371b7539b5
art/social-card.webp	HTTP 200	MATCH	0759d649672be05898f03e71772a96a332d41afef728e3222496d6756236c98a	0759d649672be05898f03e71772a96a332d41afef728e3222496d6756236c98a
assets/index-CZ8UhKpB.css	HTTP 200	MATCH	f2461c683a1fe724aab61923e89519cf3c9e705ec77701286753e0e424ee8bfd	f2461c683a1fe724aab61923e89519cf3c9e705ec77701286753e0e424ee8bfd
assets/index-DVfgBX4E.js	HTTP 200	MATCH	6833dbfd0bb872a7c706d84c892aafe651713756d65da9ad9e3a84483285e84f	6833dbfd0bb872a7c706d84c892aafe651713756d65da9ad9e3a84483285e84f
assets/index-DVfgBX4E.js.map	HTTP 200	MATCH	8e6d1ff6889a30d152d7fda2f5b955b43169703f7cf0e3894b01a7754f56684b	8e6d1ff6889a30d152d7fda2f5b955b43169703f7cf0e3894b01a7754f56684b
icons/apple-touch-icon.png	HTTP 200	MATCH	9979bffcddd92c8c091d19cb02c8dfa53a3518178a09c5f6e86326de72bd5cbf	9979bffcddd92c8c091d19cb02c8dfa53a3518178a09c5f6e86326de72bd5cbf
icons/icon-192.png	HTTP 200	MATCH	e7d8ae67097334a899f96b569c9ccb150f784b871797d66c9b5c23d08710eb13	e7d8ae67097334a899f96b569c9ccb150f784b871797d66c9b5c23d08710eb13
icons/icon-512.png	HTTP 200	MATCH	841b0842a1b48ba93b8723a105ee5a90640f229d80957b87d5aa37bd92b0a200	841b0842a1b48ba93b8723a105ee5a90640f229d80957b87d5aa37bd92b0a200
icons/icon-maskable-512.png	HTTP 200	MATCH	3e895502857918a0eb25c639951e7c2b21b6138e7e747b3d2a31ce1b8d5da205	3e895502857918a0eb25c639951e7c2b21b6138e7e747b3d2a31ce1b8d5da205
icons/icon.svg	HTTP 200	MATCH	14b94dbd17e7c977271b02095a7075b6c6878eb9df2ebcb70dcb6a910d61e9c3	14b94dbd17e7c977271b02095a7075b6c6878eb9df2ebcb70dcb6a910d61e9c3
index.html	HTTP 200	MATCH	bdb1e328846e607ef3526463f6857bbab9febc1167ae15361cbde8ef23613cba	bdb1e328846e607ef3526463f6857bbab9febc1167ae15361cbde8ef23613cba
manifest.webmanifest	HTTP 200	MATCH	c13191aaa38167b8dea5c2a7230284b53d9bdf03ce4d5d0d6a9f6a0f4644ea7b	c13191aaa38167b8dea5c2a7230284b53d9bdf03ce4d5d0d6a9f6a0f4644ea7b
offline.html	HTTP 200	MATCH	874cd1acc29c4a8e0fcd67570bc3562595dcdfc6223efd6f754939cf758af516	874cd1acc29c4a8e0fcd67570bc3562595dcdfc6223efd6f754939cf758af516
robots.txt	HTTP 200	MATCH	2c9b01610cf9bfa245c8e09403d053365343ab119a53f164d832c3addcf44878	2c9b01610cf9bfa245c8e09403d053365343ab119a53f164d832c3addcf44878
sitemap.xml	HTTP 200	MATCH	6d1f1b55678c137a758b971d9e5e873c088670e8658c0f921ef02f34bc3449f3	6d1f1b55678c137a758b971d9e5e873c088670e8658c0f921ef02f34bc3449f3
sw.js	HTTP 200	MATCH	2ec1093dff5635a6ea1748803bd0347ab3d2ecbdc7e2f120b64ab9aa851ec0e0	2ec1093dff5635a6ea1748803bd0347ab3d2ecbdc7e2f120b64ab9aa851ec0e0
unknown-route	HTTP 404	MATCH	3981848de7a6fbad0ce7c78908313295ff1dc53cf5836dfbb01818bb7c0e8b55	3981848de7a6fbad0ce7c78908313295ff1dc53cf5836dfbb01818bb7c0e8b55
